{"cameraMode":{"drawMode":0,"name":"Shaded","section":"Shading Mode"},"sceneLighting":false,"audioPlay":false,"sceneViewState":{"m_AlwaysRefresh":false,"showFog":true,"showSkybox":false,"showFlares":true,"showImageEffects":true,"showParticleSystems":true,"showVisualEffectGraphs":true,"m_FxEnabled":true},"in2DMode":false,"pivot":{"x":-1.039999008178711,"y":35.573455810546878,"z":-3.941822052001953},"rotation":{"x":0.03982951492071152,"y":-0.053931497037410739,"z":0.0021533032413572075,"w":0.9977513551712036},"size":8.267073631286621,"orthographic":false}