{"cameraMode":{"drawMode":0,"name":"Shaded","section":"Shading Mode"},"sceneLighting":false,"audioPlay":false,"sceneViewState":{"m_AlwaysRefresh":false,"showFog":true,"showSkybox":false,"showFlares":true,"showImageEffects":true,"showParticleSystems":true,"showVisualEffectGraphs":true,"m_FxEnabled":true},"in2DMode":false,"pivot":{"x":1.840000033378601,"y":3.9800000190734865,"z":-11.6500825881958},"rotation":{"x":0.16362744569778443,"y":0.01923622563481331,"z":-0.0031908380333334209,"w":0.9863309264183044},"size":0.9723746180534363,"orthographic":false}