{"cameraMode":{"drawMode":0,"name":"Shaded","section":"Shading Mode"},"sceneLighting":false,"audioPlay":false,"sceneViewState":{"m_AlwaysRefresh":false,"showFog":false,"showSkybox":false,"showFlares":false,"showImageEffects":false,"showParticleSystems":false,"showVisualEffectGraphs":true,"m_FxEnabled":true},"in2DMode":false,"pivot":{"x":-0.0007849931716918945,"y":1.183728575706482,"z":-0.13500642776489259},"rotation":{"x":-0.12618489563465119,"y":0.8145898580551148,"z":-0.19314657151699067,"w":-0.5321797728538513},"size":2.148944139480591,"orthographic":false}