{"cameraMode":{"drawMode":0,"name":"Shaded","section":"Shading Mode"},"sceneLighting":false,"audioPlay":false,"sceneViewState":{"m_AlwaysRefresh":false,"showFog":true,"showSkybox":false,"showFlares":true,"showImageEffects":true,"showParticleSystems":true,"showVisualEffectGraphs":true,"m_FxEnabled":true},"in2DMode":false,"pivot":{"x":2.204472064971924,"y":5.5423784255981449,"z":36.11000061035156},"rotation":{"x":-0.004199699964374304,"y":0.9722405076026917,"z":-0.23329149186611176,"w":-0.01750222221016884},"size":2.952613115310669,"orthographic":false}